﻿<?xml version="1.0" encoding="utf-8"?>
<!--DO NOT EDIT. This document is generated by PSoC Creator design builds.-->
<PSoCCreatorIdeExport Version="1">
  <Device Part="CY8C5888LTI-LP097" Processor="CortexM3" DeviceID="2E161069" />
  <Toolchains>
    <Toolchain Name="ARM GCC Generic" Selected="True">
      <Tool Name="prebuild" Command="" Options="" />
      <Tool Name="assembler" Command="arm-none-eabi-as.exe" Options="-mcpu=cortex-m3 -mthumb -I. -IGenerated_Source\PSoC5 -alh=${OutputDir}/${CompileFile}.lst -g -W" />
      <Tool Name="compiler" Command="arm-none-eabi-gcc.exe" Options="-mcpu=cortex-m3 -mthumb -I..\..\Libraries\DynControlProtocol -I. -IGenerated_Source\PSoC5 -Wa,-alh=${OutputDir}/${CompileFile}.lst -g -D DEBUG -D CY_CORE_ID=0 -Wall -ffunction-sections -ffat-lto-objects -Og" />
      <Tool Name="linker" Command="arm-none-eabi-gcc.exe" Options="-mcpu=cortex-m3 -mthumb -L Generated_Source\PSoC5 -Wl,-Map,${OutputDir}/${ProjectShortName}.map -T Generated_Source\PSoC5\cm3gcc.ld -specs=nano.specs -u _printf_float -Wl,--gc-sections -u_printf_float -g -ffunction-sections -Og -ffat-lto-objects" />
      <Tool Name="postbuild" Command="" Options="" />
    </Toolchain>
    <Toolchain Name="ARM MDK Generic" Selected="False">
      <Tool Name="prebuild" Command="" Options="" />
      <Tool Name="assembler" Command="armasm.exe" Options="--cpu=Cortex-M3 --diag_style=gnu --thumb -i. -iGenerated_Source\PSoC5 -g --list=${OutputDir}/${CompileFile}.lst &quot;--predefine=__MICROLIB SETA 1&quot;" />
      <Tool Name="compiler" Command="armcc.exe" Options="--cpu=Cortex-M3 --C99 --diag_style=gnu -I. -IGenerated_Source\PSoC5 --list --signed_chars -g -D DEBUG -D CY_CORE_ID=0 -O0 --split_sections -D__MICROLIB" />
      <Tool Name="linker" Command="armlink.exe" Options="--cpu=Cortex-M3 --diag_style=gnu --no_startup --library_type=microlib --map --list ${OutputDir}/${ProjectShortName}.map --scatter Generated_Source\PSoC5\Cm3RealView.scat" />
      <Tool Name="postbuild" Command="" Options="" />
    </Toolchain>
    <Toolchain Name="ARM IAR Generic" Selected="False">
      <Tool Name="prebuild" Command="" Options="" />
      <Tool Name="assembler" Command="iasmarm.exe" Options="--cpu Cortex-M3 -I. -IGenerated_Source\PSoC5 -s+ -M&lt;&gt; -w+ -r -DDEBUG --fpu None" />
      <Tool Name="compiler" Command="iccarm.exe" Options="--cpu Cortex-M3 -I. -IGenerated_Source\PSoC5 -D DEBUG -D CY_CORE_ID=0 -I. -IGenerated_Source\PSoC5 -D DEBUG -D CY_CORE_ID=0 --no_cse --no_unroll --no_inline --no_code_motion --no_tbaa --no_clustering --no_scheduling --debug --endian=little -e --fpu=None -On --no_wrap_diagnostics" />
      <Tool Name="linker" Command="ilinkarm.exe" Options="--semihosting --entry __iar_program_start --config Generated_Source\PSoC5\Cm3Iar.icf" />
      <Tool Name="postbuild" Command="" Options="" />
    </Toolchain>
  </Toolchains>
  <Project Name="Pri02_ROBOSOM_6.22_SFM3300" Path="C:\Users\mount\OneDrive\Documents\GitHub\Biorobotics\robosom_psoc_ws\robosom_psoc_ws\Pri02_ROBOSOM_6.22_SFM3300.cydsn" Version="5.80" Type="Bootloadable">
    <CMSIS_SVD_File>Pri02_ROBOSOM_6.22_SFM3300.svd</CMSIS_SVD_File>
    <Datasheet />
    <LinkerFiles>
      <LinkerFile Toolchain="ARM GCC Generic">.\Generated_Source\PSoC5\cm3gcc.ld</LinkerFile>
      <LinkerFile Toolchain="ARM MDK Generic">.\Generated_Source\PSoC5\Cm3RealView.scat</LinkerFile>
      <LinkerFile Toolchain="ARM IAR Generic">.\Generated_Source\PSoC5\Cm3Iar.icf</LinkerFile>
    </LinkerFiles>
    <Folders>
      <Folder BuildType="STRICT" Path="C:\Users\mount\OneDrive\Documents\GitHub\Biorobotics\robosom_psoc_ws\robosom_psoc_ws\Pri02_ROBOSOM_6.22_SFM3300.cydsn">
        <Files Root="C:\Users\mount\OneDrive\Documents\GitHub\Biorobotics\robosom_psoc_ws\robosom_psoc_ws\Pri02_ROBOSOM_6.22_SFM3300.cydsn">
          <File BuildType="BUILD" Toolchain="">main.c</File>
          <File BuildType="BUILD" Toolchain="">sdpsensor.c</File>
          <File BuildType="BUILD" Toolchain="">i2chelper.c</File>
          <File BuildType="BUILD" Toolchain="">sfmsensor.c</File>
          <File BuildType="BUILD" Toolchain="">sdpsensor.h</File>
          <File BuildType="BUILD" Toolchain="">i2chelper.h</File>
          <File BuildType="BUILD" Toolchain="">sfmsensor.h</File>
        </Files>
      </Folder>
      <Folder BuildType="STRICT" Path="C:\Users\mount\OneDrive\Documents\GitHub\Biorobotics\robosom_psoc_ws\robosom_psoc_ws\Pri02_ROBOSOM_6.22_SFM3300.cydsn\Generated_Source\PSoC5">
        <Files Root="C:\Users\mount\OneDrive\Documents\GitHub\Biorobotics\robosom_psoc_ws\robosom_psoc_ws\Pri02_ROBOSOM_6.22_SFM3300.cydsn">
          <File BuildType="BUILD" Toolchain="">Generated_Source\PSoC5\cyfitter_cfg.h</File>
          <File BuildType="BUILD" Toolchain="">Generated_Source\PSoC5\cyfitter_cfg.c</File>
          <File BuildType="BUILD" Toolchain="">Generated_Source\PSoC5\cybootloader.icf</File>
          <File BuildType="BUILD" Toolchain="">Generated_Source\PSoC5\cybootloader.c</File>
          <File BuildType="BUILD" Toolchain="">Generated_Source\PSoC5\cymetadata.c</File>
          <File BuildType="BUILD" Toolchain="">Generated_Source\PSoC5\cydevice.h</File>
          <File BuildType="BUILD" Toolchain="">Generated_Source\PSoC5\cydevicegnu.inc</File>
          <File BuildType="BUILD" Toolchain="">Generated_Source\PSoC5\cydevicerv.inc</File>
          <File BuildType="BUILD" Toolchain="">Generated_Source\PSoC5\cydeviceiar.inc</File>
          <File BuildType="BUILD" Toolchain="">Generated_Source\PSoC5\cydevice_trm.h</File>
          <File BuildType="BUILD" Toolchain="">Generated_Source\PSoC5\cydevicegnu_trm.inc</File>
          <File BuildType="BUILD" Toolchain="">Generated_Source\PSoC5\cydevicerv_trm.inc</File>
          <File BuildType="BUILD" Toolchain="">Generated_Source\PSoC5\cydeviceiar_trm.inc</File>
          <File BuildType="BUILD" Toolchain="">Generated_Source\PSoC5\cyfittergnu.inc</File>
          <File BuildType="BUILD" Toolchain="">Generated_Source\PSoC5\cyfitterrv.inc</File>
          <File BuildType="BUILD" Toolchain="">Generated_Source\PSoC5\cyfitteriar.inc</File>
          <File BuildType="BUILD" Toolchain="">Generated_Source\PSoC5\cyfitter.h</File>
          <File BuildType="BUILD" Toolchain="">Generated_Source\PSoC5\cydisabledsheets.h</File>
          <File BuildType="BUILD" Toolchain="">Generated_Source\PSoC5\Led_Blue_aliases.h</File>
          <File BuildType="BUILD" Toolchain="">Generated_Source\PSoC5\Led_Blue.c</File>
          <File BuildType="BUILD" Toolchain="">Generated_Source\PSoC5\Led_Blue.h</File>
          <File BuildType="BUILD" Toolchain="">Generated_Source\PSoC5\PWM_LED.c</File>
          <File BuildType="BUILD" Toolchain="">Generated_Source\PSoC5\PWM_LED.h</File>
          <File BuildType="BUILD" Toolchain="">Generated_Source\PSoC5\PWM_LED_PM.c</File>
          <File BuildType="BUILD" Toolchain="">Generated_Source\PSoC5\Led_Key_aliases.h</File>
          <File BuildType="BUILD" Toolchain="">Generated_Source\PSoC5\Led_Key.c</File>
          <File BuildType="BUILD" Toolchain="">Generated_Source\PSoC5\Led_Key.h</File>
          <File BuildType="BUILD" Toolchain="">Generated_Source\PSoC5\Led_Green_aliases.h</File>
          <File BuildType="BUILD" Toolchain="">Generated_Source\PSoC5\Led_Green.c</File>
          <File BuildType="BUILD" Toolchain="">Generated_Source\PSoC5\Led_Green.h</File>
          <File BuildType="BUILD" Toolchain="">Generated_Source\PSoC5\Led_Red_aliases.h</File>
          <File BuildType="BUILD" Toolchain="">Generated_Source\PSoC5\Led_Red.c</File>
          <File BuildType="BUILD" Toolchain="">Generated_Source\PSoC5\Led_Red.h</File>
          <File BuildType="BUILD" Toolchain="">Generated_Source\PSoC5\Clock_1.c</File>
          <File BuildType="BUILD" Toolchain="">Generated_Source\PSoC5\Clock_1.h</File>
          <File BuildType="BUILD" Toolchain="">Generated_Source\PSoC5\Bootloadable.c</File>
          <File BuildType="BUILD" Toolchain="">Generated_Source\PSoC5\Bootloadable.h</File>
          <File BuildType="BUILD" Toolchain="">Generated_Source\PSoC5\SDA_1_aliases.h</File>
          <File BuildType="BUILD" Toolchain="">Generated_Source\PSoC5\SDA_1.c</File>
          <File BuildType="BUILD" Toolchain="">Generated_Source\PSoC5\SDA_1.h</File>
          <File BuildType="BUILD" Toolchain="">Generated_Source\PSoC5\SCL_1_aliases.h</File>
          <File BuildType="BUILD" Toolchain="">Generated_Source\PSoC5\SCL_1.c</File>
          <File BuildType="BUILD" Toolchain="">Generated_Source\PSoC5\SCL_1.h</File>
          <File BuildType="BUILD" Toolchain="">Generated_Source\PSoC5\I2C_1.c</File>
          <File BuildType="BUILD" Toolchain="">Generated_Source\PSoC5\I2C_1.h</File>
          <File BuildType="BUILD" Toolchain="">Generated_Source\PSoC5\I2C_1_BOOT.c</File>
          <File BuildType="BUILD" Toolchain="">Generated_Source\PSoC5\I2C_1_INT.c</File>
          <File BuildType="BUILD" Toolchain="">Generated_Source\PSoC5\I2C_1_PM.c</File>
          <File BuildType="BUILD" Toolchain="">Generated_Source\PSoC5\I2C_1_SLAVE.c</File>
          <File BuildType="BUILD" Toolchain="">Generated_Source\PSoC5\I2C_1_MASTER.c</File>
          <File BuildType="BUILD" Toolchain="">Generated_Source\PSoC5\I2C_1_PVT.h</File>
          <File BuildType="BUILD" Toolchain="">Generated_Source\PSoC5\USBUART.c</File>
          <File BuildType="BUILD" Toolchain="">Generated_Source\PSoC5\USBUART.h</File>
          <File BuildType="BUILD" Toolchain="">Generated_Source\PSoC5\USBUART_audio.c</File>
          <File BuildType="BUILD" Toolchain="">Generated_Source\PSoC5\USBUART_audio.h</File>
          <File BuildType="BUILD" Toolchain="">Generated_Source\PSoC5\USBUART_boot.c</File>
          <File BuildType="BUILD" Toolchain="">Generated_Source\PSoC5\USBUART_cdc.c</File>
          <File BuildType="BUILD" Toolchain="">Generated_Source\PSoC5\USBUART_cdc.h</File>
          <File BuildType="BUILD" Toolchain="">Generated_Source\PSoC5\USBUART_cls.c</File>
          <File BuildType="BUILD" Toolchain="">Generated_Source\PSoC5\USBUART_descr.c</File>
          <File BuildType="BUILD" Toolchain="">Generated_Source\PSoC5\USBUART_drv.c</File>
          <File BuildType="BUILD" Toolchain="">Generated_Source\PSoC5\USBUART_episr.c</File>
          <File BuildType="BUILD" Toolchain="">Generated_Source\PSoC5\USBUART_hid.c</File>
          <File BuildType="BUILD" Toolchain="">Generated_Source\PSoC5\USBUART_hid.h</File>
          <File BuildType="BUILD" Toolchain="">Generated_Source\PSoC5\USBUART_pm.c</File>
          <File BuildType="BUILD" Toolchain="">Generated_Source\PSoC5\USBUART_std.c</File>
          <File BuildType="BUILD" Toolchain="">Generated_Source\PSoC5\USBUART_vnd.c</File>
          <File BuildType="BUILD" Toolchain="">Generated_Source\PSoC5\USBUART_midi.c</File>
          <File BuildType="BUILD" Toolchain="">Generated_Source\PSoC5\USBUART_midi.h</File>
          <File BuildType="BUILD" Toolchain="">Generated_Source\PSoC5\USBUART_pvt.h</File>
          <File BuildType="BUILD" Toolchain="">Generated_Source\PSoC5\USBUART_cydmac.h</File>
          <File BuildType="BUILD" Toolchain="">Generated_Source\PSoC5\USBUART_msc.c</File>
          <File BuildType="BUILD" Toolchain="">Generated_Source\PSoC5\USBUART_msc.h</File>
          <File BuildType="BUILD" Toolchain="">Generated_Source\PSoC5\USBUART_Dm_aliases.h</File>
          <File BuildType="BUILD" Toolchain="">Generated_Source\PSoC5\USBUART_Dm.c</File>
          <File BuildType="BUILD" Toolchain="">Generated_Source\PSoC5\USBUART_Dm.h</File>
          <File BuildType="BUILD" Toolchain="">Generated_Source\PSoC5\USBUART_Dp_aliases.h</File>
          <File BuildType="BUILD" Toolchain="">Generated_Source\PSoC5\USBUART_Dp.c</File>
          <File BuildType="BUILD" Toolchain="">Generated_Source\PSoC5\USBUART_Dp.h</File>
          <File BuildType="BUILD" Toolchain="ARM GCC Generic">Generated_Source\PSoC5\cm3gcc.ld</File>
          <File BuildType="BUILD" Toolchain="ARM MDK Generic">Generated_Source\PSoC5\Cm3RealView.scat</File>
          <File BuildType="BUILD" Toolchain="">Generated_Source\PSoC5\Cm3Start.c</File>
          <File BuildType="BUILD" Toolchain="">Generated_Source\PSoC5\core_cm3.h</File>
          <File BuildType="BUILD" Toolchain="">Generated_Source\PSoC5\core_cm3_psoc5.h</File>
          <File BuildType="BUILD" Toolchain="ARM GCC Generic">Generated_Source\PSoC5\CyBootAsmGnu.s</File>
          <File BuildType="BUILD" Toolchain="ARM MDK Generic">Generated_Source\PSoC5\CyBootAsmRv.s</File>
          <File BuildType="BUILD" Toolchain="">Generated_Source\PSoC5\CyDmac.c</File>
          <File BuildType="BUILD" Toolchain="">Generated_Source\PSoC5\CyDmac.h</File>
          <File BuildType="BUILD" Toolchain="">Generated_Source\PSoC5\CyFlash.c</File>
          <File BuildType="BUILD" Toolchain="">Generated_Source\PSoC5\CyFlash.h</File>
          <File BuildType="BUILD" Toolchain="">Generated_Source\PSoC5\CyLib.c</File>
          <File BuildType="BUILD" Toolchain="">Generated_Source\PSoC5\CyLib.h</File>
          <File BuildType="BUILD" Toolchain="">Generated_Source\PSoC5\cypins.h</File>
          <File BuildType="BUILD" Toolchain="">Generated_Source\PSoC5\cyPm.c</File>
          <File BuildType="BUILD" Toolchain="">Generated_Source\PSoC5\cyPm.h</File>
          <File BuildType="BUILD" Toolchain="">Generated_Source\PSoC5\CySpc.c</File>
          <File BuildType="BUILD" Toolchain="">Generated_Source\PSoC5\CySpc.h</File>
          <File BuildType="BUILD" Toolchain="">Generated_Source\PSoC5\cytypes.h</File>
          <File BuildType="BUILD" Toolchain="">Generated_Source\PSoC5\cyutils.c</File>
          <File BuildType="BUILD" Toolchain="">Generated_Source\PSoC5\core_cmFunc.h</File>
          <File BuildType="BUILD" Toolchain="">Generated_Source\PSoC5\core_cmInstr.h</File>
          <File BuildType="BUILD" Toolchain="ARM IAR Generic">Generated_Source\PSoC5\Cm3Iar.icf</File>
          <File BuildType="BUILD" Toolchain="ARM IAR Generic">Generated_Source\PSoC5\CyBootAsmIar.s</File>
          <File BuildType="BUILD" Toolchain="">Generated_Source\PSoC5\cmsis_armcc.h</File>
          <File BuildType="BUILD" Toolchain="">Generated_Source\PSoC5\cmsis_gcc.h</File>
          <File BuildType="BUILD" Toolchain="">Generated_Source\PSoC5\cmsis_compiler.h</File>
          <File BuildType="BUILD" Toolchain="">Generated_Source\PSoC5\cy_em_eeprom.c</File>
          <File BuildType="BUILD" Toolchain="">Generated_Source\PSoC5\cy_em_eeprom.h</File>
          <File BuildType="BUILD" Toolchain="">Generated_Source\PSoC5\project.h</File>
          <File BuildType="BUILD" Toolchain="">Generated_Source\PSoC5\cycodeshareimport.ld</File>
          <File BuildType="BUILD" Toolchain="">Generated_Source\PSoC5\cycodeshareexport.ld</File>
          <File BuildType="BUILD" Toolchain="">Generated_Source\PSoC5\cycodeshareimport.scat</File>
          <File BuildType="BUILD" Toolchain="">Generated_Source\PSoC5\BIO_00_aliases.h</File>
          <File BuildType="BUILD" Toolchain="">Generated_Source\PSoC5\BIO_00.c</File>
          <File BuildType="BUILD" Toolchain="">Generated_Source\PSoC5\BIO_00.h</File>
          <File BuildType="BUILD" Toolchain="">Generated_Source\PSoC5\BIO_01_aliases.h</File>
          <File BuildType="BUILD" Toolchain="">Generated_Source\PSoC5\BIO_01.c</File>
          <File BuildType="BUILD" Toolchain="">Generated_Source\PSoC5\BIO_01.h</File>
          <File BuildType="BUILD" Toolchain="">Generated_Source\PSoC5\BIO_02_aliases.h</File>
          <File BuildType="BUILD" Toolchain="">Generated_Source\PSoC5\BIO_02.c</File>
          <File BuildType="BUILD" Toolchain="">Generated_Source\PSoC5\BIO_02.h</File>
          <File BuildType="BUILD" Toolchain="">Generated_Source\PSoC5\BIO_03_aliases.h</File>
          <File BuildType="BUILD" Toolchain="">Generated_Source\PSoC5\BIO_03.c</File>
          <File BuildType="BUILD" Toolchain="">Generated_Source\PSoC5\BIO_03.h</File>
          <File BuildType="BUILD" Toolchain="">Generated_Source\PSoC5\BIO_04_aliases.h</File>
          <File BuildType="BUILD" Toolchain="">Generated_Source\PSoC5\BIO_04.c</File>
          <File BuildType="BUILD" Toolchain="">Generated_Source\PSoC5\BIO_04.h</File>
          <File BuildType="BUILD" Toolchain="">Generated_Source\PSoC5\BIO_05_aliases.h</File>
          <File BuildType="BUILD" Toolchain="">Generated_Source\PSoC5\BIO_05.c</File>
          <File BuildType="BUILD" Toolchain="">Generated_Source\PSoC5\BIO_05.h</File>
          <File BuildType="BUILD" Toolchain="">Generated_Source\PSoC5\BIO_06_aliases.h</File>
          <File BuildType="BUILD" Toolchain="">Generated_Source\PSoC5\BIO_06.c</File>
          <File BuildType="BUILD" Toolchain="">Generated_Source\PSoC5\BIO_06.h</File>
          <File BuildType="BUILD" Toolchain="">Generated_Source\PSoC5\BIO_07_aliases.h</File>
          <File BuildType="BUILD" Toolchain="">Generated_Source\PSoC5\BIO_07.c</File>
          <File BuildType="BUILD" Toolchain="">Generated_Source\PSoC5\BIO_07.h</File>
          <File BuildType="BUILD" Toolchain="">Generated_Source\PSoC5\BIO_08_aliases.h</File>
          <File BuildType="BUILD" Toolchain="">Generated_Source\PSoC5\BIO_08.c</File>
          <File BuildType="BUILD" Toolchain="">Generated_Source\PSoC5\BIO_08.h</File>
          <File BuildType="BUILD" Toolchain="">Generated_Source\PSoC5\BIO_09_aliases.h</File>
          <File BuildType="BUILD" Toolchain="">Generated_Source\PSoC5\BIO_09.c</File>
          <File BuildType="BUILD" Toolchain="">Generated_Source\PSoC5\BIO_09.h</File>
          <File BuildType="BUILD" Toolchain="">Generated_Source\PSoC5\BIO_10_aliases.h</File>
          <File BuildType="BUILD" Toolchain="">Generated_Source\PSoC5\BIO_10.c</File>
          <File BuildType="BUILD" Toolchain="">Generated_Source\PSoC5\BIO_10.h</File>
          <File BuildType="BUILD" Toolchain="">Generated_Source\PSoC5\BIO_11_aliases.h</File>
          <File BuildType="BUILD" Toolchain="">Generated_Source\PSoC5\BIO_11.c</File>
          <File BuildType="BUILD" Toolchain="">Generated_Source\PSoC5\BIO_11.h</File>
          <File BuildType="BUILD" Toolchain="">Generated_Source\PSoC5\BIO_12_aliases.h</File>
          <File BuildType="BUILD" Toolchain="">Generated_Source\PSoC5\BIO_12.c</File>
          <File BuildType="BUILD" Toolchain="">Generated_Source\PSoC5\BIO_12.h</File>
          <File BuildType="BUILD" Toolchain="">Generated_Source\PSoC5\BIO_13_aliases.h</File>
          <File BuildType="BUILD" Toolchain="">Generated_Source\PSoC5\BIO_13.c</File>
          <File BuildType="BUILD" Toolchain="">Generated_Source\PSoC5\BIO_13.h</File>
          <File BuildType="BUILD" Toolchain="">Generated_Source\PSoC5\BIO_14_aliases.h</File>
          <File BuildType="BUILD" Toolchain="">Generated_Source\PSoC5\BIO_14.c</File>
          <File BuildType="BUILD" Toolchain="">Generated_Source\PSoC5\BIO_14.h</File>
          <File BuildType="BUILD" Toolchain="">Generated_Source\PSoC5\BIO_15_aliases.h</File>
          <File BuildType="BUILD" Toolchain="">Generated_Source\PSoC5\BIO_15.c</File>
          <File BuildType="BUILD" Toolchain="">Generated_Source\PSoC5\BIO_15.h</File>
          <File BuildType="BUILD" Toolchain="">Generated_Source\PSoC5\BIO_16_aliases.h</File>
          <File BuildType="BUILD" Toolchain="">Generated_Source\PSoC5\BIO_16.c</File>
          <File BuildType="BUILD" Toolchain="">Generated_Source\PSoC5\BIO_16.h</File>
          <File BuildType="BUILD" Toolchain="">Generated_Source\PSoC5\BIO_17_aliases.h</File>
          <File BuildType="BUILD" Toolchain="">Generated_Source\PSoC5\BIO_17.c</File>
          <File BuildType="BUILD" Toolchain="">Generated_Source\PSoC5\BIO_17.h</File>
          <File BuildType="BUILD" Toolchain="">Generated_Source\PSoC5\BIO_18_aliases.h</File>
          <File BuildType="BUILD" Toolchain="">Generated_Source\PSoC5\BIO_18.c</File>
          <File BuildType="BUILD" Toolchain="">Generated_Source\PSoC5\BIO_18.h</File>
          <File BuildType="BUILD" Toolchain="">Generated_Source\PSoC5\BIO_19_aliases.h</File>
          <File BuildType="BUILD" Toolchain="">Generated_Source\PSoC5\BIO_19.c</File>
          <File BuildType="BUILD" Toolchain="">Generated_Source\PSoC5\BIO_19.h</File>
          <File BuildType="BUILD" Toolchain="">Generated_Source\PSoC5\BIO_20_aliases.h</File>
          <File BuildType="BUILD" Toolchain="">Generated_Source\PSoC5\BIO_20.c</File>
          <File BuildType="BUILD" Toolchain="">Generated_Source\PSoC5\BIO_20.h</File>
          <File BuildType="BUILD" Toolchain="">Generated_Source\PSoC5\BIO_21_aliases.h</File>
          <File BuildType="BUILD" Toolchain="">Generated_Source\PSoC5\BIO_21.c</File>
          <File BuildType="BUILD" Toolchain="">Generated_Source\PSoC5\BIO_21.h</File>
          <File BuildType="BUILD" Toolchain="">Generated_Source\PSoC5\BIO_22_aliases.h</File>
          <File BuildType="BUILD" Toolchain="">Generated_Source\PSoC5\BIO_22.c</File>
          <File BuildType="BUILD" Toolchain="">Generated_Source\PSoC5\BIO_22.h</File>
          <File BuildType="BUILD" Toolchain="">Generated_Source\PSoC5\BIO_23_aliases.h</File>
          <File BuildType="BUILD" Toolchain="">Generated_Source\PSoC5\BIO_23.c</File>
          <File BuildType="BUILD" Toolchain="">Generated_Source\PSoC5\BIO_23.h</File>
          <File BuildType="BUILD" Toolchain="">Generated_Source\PSoC5\BIO_24_aliases.h</File>
          <File BuildType="BUILD" Toolchain="">Generated_Source\PSoC5\BIO_24.c</File>
          <File BuildType="BUILD" Toolchain="">Generated_Source\PSoC5\BIO_24.h</File>
          <File BuildType="BUILD" Toolchain="">Generated_Source\PSoC5\BIO_25_aliases.h</File>
          <File BuildType="BUILD" Toolchain="">Generated_Source\PSoC5\BIO_25.c</File>
          <File BuildType="BUILD" Toolchain="">Generated_Source\PSoC5\BIO_25.h</File>
          <File BuildType="BUILD" Toolchain="">Generated_Source\PSoC5\BIO_26_aliases.h</File>
          <File BuildType="BUILD" Toolchain="">Generated_Source\PSoC5\BIO_26.c</File>
          <File BuildType="BUILD" Toolchain="">Generated_Source\PSoC5\BIO_26.h</File>
          <File BuildType="BUILD" Toolchain="">Generated_Source\PSoC5\BIO_27_aliases.h</File>
          <File BuildType="BUILD" Toolchain="">Generated_Source\PSoC5\BIO_27.c</File>
          <File BuildType="BUILD" Toolchain="">Generated_Source\PSoC5\BIO_27.h</File>
          <File BuildType="BUILD" Toolchain="">Generated_Source\PSoC5\BIO_29_aliases.h</File>
          <File BuildType="BUILD" Toolchain="">Generated_Source\PSoC5\BIO_29.c</File>
          <File BuildType="BUILD" Toolchain="">Generated_Source\PSoC5\BIO_29.h</File>
          <File BuildType="BUILD" Toolchain="">Generated_Source\PSoC5\BIO_30_aliases.h</File>
          <File BuildType="BUILD" Toolchain="">Generated_Source\PSoC5\BIO_30.c</File>
          <File BuildType="BUILD" Toolchain="">Generated_Source\PSoC5\BIO_30.h</File>
          <File BuildType="BUILD" Toolchain="">Generated_Source\PSoC5\BIO_31_aliases.h</File>
          <File BuildType="BUILD" Toolchain="">Generated_Source\PSoC5\BIO_31.c</File>
          <File BuildType="BUILD" Toolchain="">Generated_Source\PSoC5\BIO_31.h</File>
          <File BuildType="BUILD" Toolchain="">Generated_Source\PSoC5\BIO_32_aliases.h</File>
          <File BuildType="BUILD" Toolchain="">Generated_Source\PSoC5\BIO_32.c</File>
          <File BuildType="BUILD" Toolchain="">Generated_Source\PSoC5\BIO_32.h</File>
          <File BuildType="BUILD" Toolchain="">Generated_Source\PSoC5\BIO_33_aliases.h</File>
          <File BuildType="BUILD" Toolchain="">Generated_Source\PSoC5\BIO_33.c</File>
          <File BuildType="BUILD" Toolchain="">Generated_Source\PSoC5\BIO_33.h</File>
          <File BuildType="BUILD" Toolchain="">Generated_Source\PSoC5\BIO_28_aliases.h</File>
          <File BuildType="BUILD" Toolchain="">Generated_Source\PSoC5\BIO_28.c</File>
          <File BuildType="BUILD" Toolchain="">Generated_Source\PSoC5\BIO_28.h</File>
          <File BuildType="BUILD" Toolchain="">Generated_Source\PSoC5\ADC_DelSig_1.c</File>
          <File BuildType="BUILD" Toolchain="">Generated_Source\PSoC5\ADC_DelSig_1.h</File>
          <File BuildType="BUILD" Toolchain="">Generated_Source\PSoC5\ADC_DelSig_1_PM.c</File>
          <File BuildType="BUILD" Toolchain="">Generated_Source\PSoC5\ADC_DelSig_1_INT.c</File>
          <File BuildType="BUILD" Toolchain="">Generated_Source\PSoC5\ADC_DelSig_1_AMux.c</File>
          <File BuildType="BUILD" Toolchain="">Generated_Source\PSoC5\ADC_DelSig_1_AMux.h</File>
          <File BuildType="BUILD" Toolchain="">Generated_Source\PSoC5\ADC_DelSig_1_Ext_CP_Clk.c</File>
          <File BuildType="BUILD" Toolchain="">Generated_Source\PSoC5\ADC_DelSig_1_Ext_CP_Clk.h</File>
          <File BuildType="BUILD" Toolchain="">Generated_Source\PSoC5\ADC_DelSig_1_IRQ.c</File>
          <File BuildType="BUILD" Toolchain="">Generated_Source\PSoC5\ADC_DelSig_1_IRQ.h</File>
          <File BuildType="BUILD" Toolchain="">Generated_Source\PSoC5\ADC_DelSig_1_theACLK.c</File>
          <File BuildType="BUILD" Toolchain="">Generated_Source\PSoC5\ADC_DelSig_1_theACLK.h</File>
        </Files>
      </Folder>
      <Folder BuildType="STRICT" Path="C:\Users\mount\OneDrive\Documents\GitHub\Biorobotics\robosom_psoc_ws\robosom_psoc_ws\Pri02_ROBOSOM_6.22_SFM3300.cydsn\Export\ARM_GCC_Generic">
        <Files Root="C:\Users\mount\OneDrive\Documents\GitHub\Biorobotics\robosom_psoc_ws\robosom_psoc_ws\Pri02_ROBOSOM_6.22_SFM3300.cydsn">
          <File BuildType="BUILD" Toolchain="ARM GCC Generic">.\Export\ARM_GCC_Generic\CyComponentLibrary.a</File>
        </Files>
      </Folder>
      <Folder BuildType="STRICT" Path="C:\Users\mount\OneDrive\Documents\GitHub\Biorobotics\robosom_psoc_ws\robosom_psoc_ws\Pri02_ROBOSOM_6.22_SFM3300.cydsn\Export\ARM_MDK_Generic">
        <Files Root="C:\Users\mount\OneDrive\Documents\GitHub\Biorobotics\robosom_psoc_ws\robosom_psoc_ws\Pri02_ROBOSOM_6.22_SFM3300.cydsn">
          <File BuildType="BUILD" Toolchain="ARM MDK Generic">.\Export\ARM_MDK_Generic\CyComponentLibrary.a</File>
        </Files>
      </Folder>
      <Folder BuildType="STRICT" Path="C:\Users\mount\OneDrive\Documents\GitHub\Biorobotics\robosom_psoc_ws\robosom_psoc_ws\Pri02_ROBOSOM_6.22_SFM3300.cydsn\Export\ARM_IAR_Generic">
        <Files Root="C:\Users\mount\OneDrive\Documents\GitHub\Biorobotics\robosom_psoc_ws\robosom_psoc_ws\Pri02_ROBOSOM_6.22_SFM3300.cydsn">
          <File BuildType="BUILD" Toolchain="ARM IAR Generic">.\Export\ARM_IAR_Generic\CyComponentLibrary.a</File>
        </Files>
      </Folder>
      <Folder BuildType="EXCLUDE" Path=".\codegentemp">
        <Files Root="C:\Users\mount\OneDrive\Documents\GitHub\Biorobotics\robosom_psoc_ws\robosom_psoc_ws\Pri02_ROBOSOM_6.22_SFM3300.cydsn" />
      </Folder>
      <Folder BuildType="EXCLUDE" Path=".\ARM_GCC_441">
        <Files Root="C:\Users\mount\OneDrive\Documents\GitHub\Biorobotics\robosom_psoc_ws\robosom_psoc_ws\Pri02_ROBOSOM_6.22_SFM3300.cydsn" />
      </Folder>
      <Folder BuildType="EXCLUDE" Path=".\ARM_GCC_473">
        <Files Root="C:\Users\mount\OneDrive\Documents\GitHub\Biorobotics\robosom_psoc_ws\robosom_psoc_ws\Pri02_ROBOSOM_6.22_SFM3300.cydsn" />
      </Folder>
      <Folder BuildType="EXCLUDE" Path=".\DP8051_Keil_952">
        <Files Root="C:\Users\mount\OneDrive\Documents\GitHub\Biorobotics\robosom_psoc_ws\robosom_psoc_ws\Pri02_ROBOSOM_6.22_SFM3300.cydsn" />
      </Folder>
      <Folder BuildType="EXCLUDE" Path=".\DP8051">
        <Files Root="C:\Users\mount\OneDrive\Documents\GitHub\Biorobotics\robosom_psoc_ws\robosom_psoc_ws\Pri02_ROBOSOM_6.22_SFM3300.cydsn" />
      </Folder>
      <Folder BuildType="EXCLUDE" Path=".\CortexM0">
        <Files Root="C:\Users\mount\OneDrive\Documents\GitHub\Biorobotics\robosom_psoc_ws\robosom_psoc_ws\Pri02_ROBOSOM_6.22_SFM3300.cydsn" />
      </Folder>
      <Folder BuildType="EXCLUDE" Path=".\CortexM0p">
        <Files Root="C:\Users\mount\OneDrive\Documents\GitHub\Biorobotics\robosom_psoc_ws\robosom_psoc_ws\Pri02_ROBOSOM_6.22_SFM3300.cydsn" />
      </Folder>
      <Folder BuildType="EXCLUDE" Path=".\CortexM3">
        <Files Root="C:\Users\mount\OneDrive\Documents\GitHub\Biorobotics\robosom_psoc_ws\robosom_psoc_ws\Pri02_ROBOSOM_6.22_SFM3300.cydsn" />
      </Folder>
      <Folder BuildType="EXCLUDE" Path=".\CortexM4">
        <Files Root="C:\Users\mount\OneDrive\Documents\GitHub\Biorobotics\robosom_psoc_ws\robosom_psoc_ws\Pri02_ROBOSOM_6.22_SFM3300.cydsn" />
      </Folder>
      <Folder BuildType="EXCLUDE" Path=".\CortexM7">
        <Files Root="C:\Users\mount\OneDrive\Documents\GitHub\Biorobotics\robosom_psoc_ws\robosom_psoc_ws\Pri02_ROBOSOM_6.22_SFM3300.cydsn" />
      </Folder>
    </Folders>
  </Project>
</PSoCCreatorIdeExport>